<?xml version="1.0" encoding="UTF-8"?>

<mule xmlns:file="http://www.mulesoft.org/schema/mule/file" xmlns:dw="http://www.mulesoft.org/schema/mule/ee/dw" xmlns:http="http://www.mulesoft.org/schema/mule/http" xmlns:x12-edi="http://www.mulesoft.org/schema/mule/x12-edi" xmlns="http://www.mulesoft.org/schema/mule/core" xmlns:doc="http://www.mulesoft.org/schema/mule/documentation"
	xmlns:spring="http://www.springframework.org/schema/beans" 
	xmlns:xsi="http://www.w3.org/2001/XMLSchema-instance"
	xsi:schemaLocation="http://www.springframework.org/schema/beans http://www.springframework.org/schema/beans/spring-beans-current.xsd
http://www.mulesoft.org/schema/mule/core http://www.mulesoft.org/schema/mule/core/current/mule.xsd
http://www.mulesoft.org/schema/mule/http http://www.mulesoft.org/schema/mule/http/current/mule-http.xsd
http://www.mulesoft.org/schema/mule/x12-edi http://www.mulesoft.org/schema/mule/x12-edi/current/mule-x12-edi.xsd
http://www.mulesoft.org/schema/mule/ee/dw http://www.mulesoft.org/schema/mule/ee/dw/current/dw.xsd
http://www.mulesoft.org/schema/mule/file http://www.mulesoft.org/schema/mule/file/current/mule-file.xsd">
    <http:listener-config name="HTTP_Listener_Configuration" host="0.0.0.0" port="9091" doc:name="HTTP Listener Configuration"/>
    <x12-edi:config name="HIPAA_EDI" snipValidationType="TYPE2_HIPAA" doc:name="X12 EDI">
        <x12-edi:schemas>
            <x12-edi:schema>/hipaa/005010X212/276.esl</x12-edi:schema>
        </x12-edi:schemas>
    </x12-edi:config>
    <x12-edi:config name="X12_EDI"  doc:name="X12 EDI">
        <x12-edi:schemas>
            <x12-edi:schema>/x12/005010/276.esl</x12-edi:schema>
        </x12-edi:schemas>
    </x12-edi:config>
    <http:listener-config name="HTTP_Listener_Configuration1" host="0.0.0.0" port="9092" doc:name="HTTP Listener Configuration"/>
    <flow name="hipaademoFlow">
        <http:listener config-ref="HTTP_Listener_Configuration" path="/hipaa" doc:name="HTTP" parseRequest="false"/>
        <x12-edi:read config-ref="HIPAA_EDI" doc:name="X12 EDI"/>
        <logger message="#[payload]" level="INFO" doc:name="Logger"/>
        <dw:transform-message doc:name="Transform Message">
                        <dw:set-payload><![CDATA[%dw 1.0
%output application/java
---
{
	TransactionSets: {
		v005010X212: {
			"276": payload.TransactionSets.v005010X212."276" map ((v276 , indexOfV276) -> {
				Interchange: {
					ISA01: v276.Interchange.ISA01,
					ISA02: v276.Interchange.ISA02,
					ISA03: v276.Interchange.ISA03,
					ISA04: v276.Interchange.ISA04,
					ISA05: v276.Interchange.ISA05,
					ISA06: v276.Interchange.ISA06,
					ISA07: v276.Interchange.ISA07,
					ISA08: v276.Interchange.ISA08,
					ISA09: v276.Interchange.ISA09,
					ISA10: v276.Interchange.ISA10,
					ISA11: v276.Interchange.ISA11,
					ISA12: v276.Interchange.ISA12,
					ISA13: v276.Interchange.ISA13,
					ISA14: v276.Interchange.ISA14,
					ISA15: v276.Interchange.ISA15,
					ISA16: v276.Interchange.ISA16
				},
				Group: v276.Group,
				SetHeader: v276.SetHeader,
				Id: v276.Id,
				Name: v276.Name,
				Heading: v276.Heading,
				Detail: v276.Detail,
				Summary: v276.Summary
			})
		}
	}
}]]></dw:set-payload>
        </dw:transform-message>
        <x12-edi:write config-ref="HIPAA_EDI" doc:name="X12 EDI"/>
        <logger level="INFO" doc:name="Logger"/>
    </flow>
    <flow name="x12demoFlow">
        <http:listener config-ref="HTTP_Listener_Configuration1" path="/x12" doc:name="HTTP" parseRequest="false"/>
        <x12-edi:read config-ref="X12_EDI" doc:name="X12 EDI"/>
        <logger message="#[payload]" level="INFO" doc:name="Logger"/>
        <dw:transform-message doc:name="Transform Message">
            <dw:set-payload><![CDATA[%dw 1.0
%output application/java
---
{
	TransactionSets: {
		v005010: {
			"276": payload.TransactionSets.v005010X212."276" map ((v276 , indexOfV276) -> {
				Interchange: {
					ISA01: v276.Interchange.ISA01,
					ISA02: v276.Interchange.ISA02,
					ISA03: v276.Interchange.ISA03,
					ISA04: v276.Interchange.ISA04,
					ISA05: v276.Interchange.ISA05,
					ISA06: v276.Interchange.ISA06,
					ISA07: v276.Interchange.ISA07,
					ISA08: v276.Interchange.ISA08,
					ISA09: v276.Interchange.ISA09,
					ISA10: v276.Interchange.ISA10,
					ISA11: v276.Interchange.ISA11,
					ISA12: v276.Interchange.ISA12,
					ISA13: v276.Interchange.ISA13,
					ISA14: v276.Interchange.ISA14,
					ISA15: v276.Interchange.ISA15,
					ISA16: v276.Interchange.ISA16
				},
				Group: v276.Group,
				SetHeader: v276.SetHeader,
				Id: v276.Id,
				Name: v276.Name,
				Heading: v276.Heading,
				Detail: v276.Detail,
				Summary: v276.Summary
			})
		}
	}
}]]></dw:set-payload>
        </dw:transform-message>
        <x12-edi:write config-ref="X12_EDI" doc:name="X12 EDI"/>
        <logger level="INFO" doc:name="Logger"/>
    </flow>
</mule>